{
  "observations": [
    {
      "SubmittedByStaffId": 2,
      "SurvActivityId": 2729,
      "SiteId": 100,
      "PlantDisciplineCode": "P",
      "ObservationDate": "2018-06-05",
      "ObservationStaffId": 5,
      "WaypointNumber": 12,
      "DurationMinsCount": 6,
      "ObservWhereGpsDatumId": "WGS84",
      "ObservationWhereWktClob": "POINT (143.196948 -3.526742)",
      "AltitudeNo": 7,
      "AdditionalObserverTab": [
        {
          "ObserverNo": 1,
          "AdditionalObserverName": "Glen Morris"
        },
        {
          "ObserverNo": 2,
          "AdditionalObserverName": "Charles Tran"
        }
      ],
      "PlantObsTab": [
        {
          "PlantTaxonId": 123455,
          "PlantTaxonText": "host name - 1",
          "HostStatCount": 5,
          "HostStatAreaNo": 0,
          "CheckFutureSurveyFlag": "N",
          "ExternalPhotoExistFlag": "N",
          "PlantObsMethodCode": "D",
          "CommentText": "no comment",
          "PlantLifeStgCode": "S",
          "PlantStatusFruitingFlag": "N",
          "PlantStatusFloweringFlag": "N",
          "PlantStatusFlushingFlag": "N",
          "PlantStatusDeadWoodFlag": "N",
          "GpsDatumId": "WGS84",
          "LocationPointWktClob": "POINT (143.196948 -3.526742)",
          "PlantObsTargetTab": [
            {
              "TargetTaxonId": 1234551,
              "TargetTaxonText": "target taxon name",
              "TargetCount": 900,
              "TargetObservedCode": "P",
              "CommentText": "no comment here"
            }
          ],
          "PlantObsAttachmentTab": []
        },
        {
          "PlantTaxonId": 123456,
          "PlantTaxonText": "host name - 2",
          "HostStatCount": 0,
          "HostStatAreaNo": 4,
          "CheckFutureSurveyFlag": "N",
          "ExternalPhotoExistFlag": "N",
          "PlantObsMethodCode": "D",
          "CommentText": "no comment",
          "PlantLifeStgCode": "S",
          "PlantStatusFruitingFlag": "N",
          "PlantStatusFloweringFlag": "N",
          "PlantStatusFlushingFlag": "N",
          "PlantStatusDeadWoodFlag": "N",
          "GpsDatumId": "WGS84",
          "LocationPointWktClob": "POINT (143.196948 -3.526742)",
          "PlantObsTargetTab": [
            {
              "TargetTaxonId": 1234561,
              "TargetTaxonText": "target taxon name",
              "TargetCount": 900,
              "TargetObservedCode": "P",
              "CommentText": "no comment here"
            }
          ],
          "PlantObsAttachmentTab": []
        }
      ],
      "PlantSampleTab": [
        {
          "SampleFieldLabelText": "SM00001",
          "CollectedSampleCount": 1,
          "LinkedSampleFieldLabelText": "anothersamplelabel",
          "PrelimTaxonId": 45678,
          "PrelimTaxonText": "a taxon name",
          "GpsDatumId": "WGS84",
          "SamplePointWktClob": "POINT (140 -12)",
          "CollectedDatetime": "2018-06-05T12:34",
          "CollectedAltitudeNo": 23,
          "CommentText": "no comment here",
          "AdditionalCollectorTab": [ 1, 2 ],
          "HabitText": "habit text",
          "DetailedDescriptionText": "detailed desc text",
          "HabitatText": "habitat text",
          "LandformText": "landform text",
          "SoilGeologyText": "soil geology text",
          "AbundanceText": "abundance text",
          "ExternalPhotoExistFlag": "N",
          "PlantPreservationTab": [ "FR", "EX", "O" ],
          "PlantPreservOtherText": "burnt it also",
          "HostFlag": "Y",
          "HostTaxonId": 456789,
          "HostTaxonText": "a taxon name in here",
          "HostIdentifiedUserId": "6",
          "EntoCollMethodCode": "D",
          "PlantPartTab": [ "LE", "FL", "BR" ],
          "EntoInfestedPctCode": "4",
          "EntoDamageLevelCode": "H",
          "EntoPestLevelCode": "M",
          "EntoLifeStgTab": [ "A", "E" ],
          "PathSymptomsText": "looks pretty sick",
          "PathIncidCode": "L",
          "PathSevCode": "H",
          "SampleAttachmentTab": []
        },
        {
          "SampleFieldLabelText": "SM00004",
          "CollectedSampleCount": 1,
          "LinkedSampleFieldLabelText": "anothersamplelabel",
          "PrelimTaxonId": 45678,
          "PrelimTaxonText": "a taxon name",
          "GpsDatumId": "WGS84",
          "SamplePointWktClob": "POINT (140 -12)",
          "CollectedDatetime": "2018-06-05T12:34",
          "CollectedAltitudeNo": 23,
          "CommentText": "no comment here",
          "AdditionalCollectorTab": [ 1, 2 ],
          "HabitText": "habit text",
          "DetailedDescriptionText": "detailed desc text",
          "HabitatText": "habitat text",
          "LandformText": "landform text",
          "SoilGeologyText": "soil geology text",
          "AbundanceText": "abundance text",
          "ExternalPhotoExistFlag": "N",
          "PlantPreservationTab": [ "FR", "EX", "O" ],
          "PlantPreservOtherText": "burnt it also",
          "HostFlag": "Y",
          "HostTaxonId": 456789,
          "HostTaxonText": "a taxon name in here",
          "HostIdentifiedUserId": "6",
          "EntoCollMethodCode": "D",
          "PlantPartTab": [ "LE", "FL", "BR" ],
          "EntoInfestedPctCode": "4",
          "EntoDamageLevelCode": "H",
          "EntoPestLevelCode": "M",
          "EntoLifeStgTab": [ "A", "E" ],
          "PathSymptomsText": "looks pretty sick",
          "PathIncidCode": "L",
          "PathSevCode": "H",
          "SampleAttachmentTab": []
        }
      ],
      "ObsAttachmentTab": [],
      "id": 1,
      "status": 0
    },
    {
      "SubmittedByStaffId": 2,
      "SurvActivityId": 2729,
      "SiteId": 100,
      "PlantDisciplineCode": "E",
      "ObservationDate": "2018-06-05",
      "ObservationStaffId": 5,
      "WaypointNumber": 12,
      "DurationMinsCount": 6,
      "ObservWhereGpsDatumId": "WGS84",
      "ObservationWhereWktClob": "POINT (142.476780 -3.367256)",
      "AltitudeNo": 7,
      "AdditionalObserverTab": [
        {
          "ObserverNo": 1,
          "AdditionalObserverName": "Glen Morris"
        },
        {
          "ObserverNo": 2,
          "AdditionalObserverName": "Charles Tran"
        }
      ],
      "PlantObsTab": [
        {
          "PlantTaxonId": 123455,
          "PlantTaxonText": "host name - 1",
          "HostStatCount": 5,
          "HostStatAreaNo": 0,
          "CheckFutureSurveyFlag": "N",
          "ExternalPhotoExistFlag": "N",
          "PlantObsMethodCode": "D",
          "CommentText": "no comment",
          "PlantLifeStgCode": "S",
          "PlantStatusFruitingFlag": "N",
          "PlantStatusFloweringFlag": "N",
          "PlantStatusFlushingFlag": "N",
          "PlantStatusDeadWoodFlag": "N",
          "GpsDatumId": "WGS84",
          "LocationPointWktClob": "POINT (142.476780 -3.367256)",
          "PlantObsTargetTab": [
            {
              "TargetTaxonId": 12345,
              "TargetTaxonText": "target taxon name",
              "TargetCount": 987,
              "TargetObservedCode": "P",
              "CommentText": "no comment here"
            },
            {
              "TargetTaxonId": 12346,
              "TargetTaxonText": "target taxon name - 1",
              "TargetCount": 985,
              "TargetObservedCode": "A",
              "CommentText": "no comment here"
            }
          ],
          "PlantObsAttachmentTab": []
        },
        {
          "PlantTaxonId": 123456,
          "PlantTaxonText": "host name - 2",
          "HostStatCount": 0,
          "HostStatAreaNo": 4,
          "CheckFutureSurveyFlag": "N",
          "ExternalPhotoExistFlag": "N",
          "PlantObsMethodCode": "D",
          "CommentText": "no comment",
          "PlantLifeStgCode": "S",
          "PlantStatusFruitingFlag": "N",
          "PlantStatusFloweringFlag": "N",
          "PlantStatusFlushingFlag": "N",
          "PlantStatusDeadWoodFlag": "N",
          "GpsDatumId": "WGS84",
          "LocationPointWktClob": "POINT (142.476780 -3.367256)",
          "PlantObsTargetTab": [
            {
              "TargetTaxonId": 12345,
              "TargetTaxonText": "target taxon name",
              "TargetCount": 987,
              "TargetObservedCode": "P",
              "CommentText": "no comment here"
            },
            {
              "TargetTaxonId": 12346,
              "TargetTaxonText": "target taxon name - 1",
              "TargetCount": 985,
              "TargetObservedCode": "A",
              "CommentText": "no comment here"
            }
          ],
          "PlantObsAttachmentTab": []
        }
      ],
      "PlantSampleTab": [
        {
          "SampleFieldLabelText": "SM00002",
          "CollectedSampleCount": 1,
          "LinkedSampleFieldLabelText": "anothersamplelabel",
          "PrelimTaxonId": 45678,
          "PrelimTaxonText": "a taxon name",
          "GpsDatumId": "WGS84",
          "SamplePointWktClob": "POINT (140 -12)",
          "CollectedDatetime": "2018-06-05T12:34",
          "CollectedAltitudeNo": 23,
          "CommentText": "no comment here",
          "AdditionalCollectorTab": [ 1, 2 ],
          "HabitText": "habit text",
          "DetailedDescriptionText": "detailed desc text",
          "HabitatText": "habitat text",
          "LandformText": "landform text",
          "SoilGeologyText": "soil geology text",
          "AbundanceText": "abundance text",
          "ExternalPhotoExistFlag": "N",
          "PlantPreservationTab": [ "FR", "EX", "O" ],
          "PlantPreservOtherText": "burnt it also",
          "HostFlag": "Y",
          "HostTaxonId": 456789,
          "HostTaxonText": "a taxon name in here",
          "HostIdentifiedUserId": "281",
          "EntoCollMethodCode": "D",
          "PlantPartTab": [ "LE", "FL", "BR" ],
          "EntoInfestedPctCode": "4",
          "EntoDamageLevelCode": "H",
          "EntoPestLevelCode": "M",
          "EntoLifeStgTab": [ "A", "E" ],
          "PathSymptomsText": "looks pretty sick",
          "PathIncidCode": "L",
          "PathSevCode": "H",
          "SampleAttachmentTab": []
        }
      ],
      "ObsAttachmentTab": [],
      "id": 2,
      "status": 0
    },
    {
      "SubmittedByStaffId": 2,
      "SurvActivityId": 2729,
      "SiteId": 100,
      "PlantDisciplineCode": "B",
      "ObservationDate": "2018-06-05",
      "ObservationStaffId": 5,
      "WaypointNumber": 12,
      "DurationMinsCount": 6,
      "ObservWhereGpsDatumId": "WGS84",
      "ObservationWhereWktClob": "POINT (143.659920 -3.926422)",
      "AltitudeNo": 7,
      "AdditionalObserverTab": [
        {
          "ObserverNo": 1,
          "AdditionalObserverName": "Glen Morris"
        },
        {
          "ObserverNo": 2,
          "AdditionalObserverName": "Charles Tran"
        }
      ],
      "PlantObsTab": [
        {
          "PlantTaxonId": 123455,
          "PlantTaxonText": "host name - 1",
          "HostStatCount": 5,
          "HostStatAreaNo": 0,
          "CheckFutureSurveyFlag": "N",
          "ExternalPhotoExistFlag": "N",
          "PlantObsMethodCode": "D",
          "CommentText": "no comment",
          "PlantLifeStgCode": "S",
          "PlantStatusFruitingFlag": "N",
          "PlantStatusFloweringFlag": "N",
          "PlantStatusFlushingFlag": "N",
          "PlantStatusDeadWoodFlag": "N",
          "GpsDatumId": "WGS84",
          "LocationPointWktClob": "POINT (143.659920 -3.926422)",
          "PlantObsTargetTab": [
            {
              "TargetTaxonId": 12345,
              "TargetTaxonText": "target taxon name",
              "TargetCount": 987,
              "TargetObservedCode": "P",
              "CommentText": "no comment here"
            }
          ],
          "PlantObsAttachmentTab": []
        },
        {
          "PlantTaxonId": 123456,
          "PlantTaxonText": "host name - 2",
          "HostStatCount": 0,
          "HostStatAreaNo": 4,
          "CheckFutureSurveyFlag": "N",
          "ExternalPhotoExistFlag": "N",
          "PlantObsMethodCode": "S",
          "CommentText": "no comment",
          "PlantLifeStgCode": "S",
          "PlantStatusFruitingFlag": "Y",
          "PlantStatusFloweringFlag": "N",
          "PlantStatusFlushingFlag": "N",
          "PlantStatusDeadWoodFlag": "N",
          "GpsDatumId": "WGS84",
          "LocationPointWktClob": "POINT (143.659920 -3.926422)",
          "PlantObsTargetTab": [
            {
              "TargetTaxonId": 12345,
              "TargetTaxonText": "target taxon name",
              "TargetCount": 987,
              "TargetObservedCode": "P",
              "CommentText": "no comment here"
            }
          ],
          "PlantObsAttachmentTab": []
        }
      ],
      "PlantSampleTab": [
        {
          "SampleFieldLabelText": "SM00003",
          "CollectedSampleCount": 1,
          "LinkedSampleFieldLabelText": "anothersamplelabel",
          "PrelimTaxonId": 45678,
          "PrelimTaxonText": "a taxon name",
          "GpsDatumId": "WGS84",
          "SamplePointWktClob": "POINT (140 -12)",
          "CollectedDatetime": "2018-06-05T12:34",
          "CollectedAltitudeNo": 23,
          "CommentText": "no comment here",
          "AdditionalCollectorTab": [ 1, 2 ],
          "HabitText": "habit text",
          "DetailedDescriptionText": "detailed desc text",
          "HabitatText": "habitat text",
          "LandformText": "landform text",
          "SoilGeologyText": "soil geology text",
          "AbundanceText": "abundance text",
          "ExternalPhotoExistFlag": "N",
          "PlantPreservationTab": [ "FR", "EX", "O" ],
          "PlantPreservOtherText": "burnt it also",
          "HostFlag": "Y",
          "HostTaxonId": 456789,
          "HostTaxonText": "a taxon name in here",
          "HostIdentifiedUserId": "282",
          "EntoCollMethodCode": "D",
          "PlantPartTab": [ "LE", "FL", "BR" ],
          "EntoInfestedPctCode": "4",
          "EntoDamageLevelCode": "H",
          "EntoPestLevelCode": "M",
          "EntoLifeStgTab": [ "A", "E" ],
          "PathSymptomsText": "looks pretty sick",
          "PathIncidCode": "L",
          "PathSevCode": "H",
          "SampleAttachmentTab": []
        }
      ],
      "ObsAttachmentTab": [],
      "id": 3,
      "status": 0
    }
  ]
}