{
   "body_condition_scores": {
      "body_condition_score": [
         {
            "seq": "1",
            "code": "1",
            "description": "1-Very Skinny"
         },
         {
            "seq": "2",
            "code": "2",
            "description": "2-Skinny"
         },
         {
            "seq": "3",
            "code": "3",
            "description": "3-Normal"
         },
         {
            "seq": "4",
            "code": "4",
            "description": "4-Fat"
         },
         {
            "seq": "5",
            "code": "5",
            "description": "5-Very Fat"
         }
      ]
   }
}