{
  "syndromes": [
    {
      "code": "001",
      "description": "Abnormal aggression, attacking etc."
    },
    {
      "code": "002",
      "description": "Wobbly,weakness,staggers,unable to rise\/paralysed"
    },
    {
      "code": "003",
      "description": "Depressed or looks sick"
    },
    {
      "code": "004",
      "description": "Itchy, always scratching, chewing or licking"
    },
    {
      "code": "005",
      "description": "Abnormal breathing,coughing,sneezing,gasping air"
    },
    {
      "code": "006",
      "description": "Drooling and\/or mouth wounds\/ lesions +\/- lameness"
    },
    {
      "code": "007",
      "description": "Diarrhoea +\/- skinny or losing weight"
    },
    {
      "code": "008",
      "description": "Abortion\/stillbirth"
    },
    {
      "code": "009",
      "description": "Acute febrile disease"
    },
    {
      "code": "010",
      "description": "Alimentary signs other than diarrhoea"
    },
    {
      "code": "011",
      "description": "Circulatory\/anaemia\/oedema"
    },
    {
      "code": "012",
      "description": "Congenital defect"
    },
    {
      "code": "013",
      "description": "Generalised oedema"
    },
    {
      "code": "014",
      "description": "Genital lesions"
    },
    {
      "code": "015",
      "description": "Ill thrift\/weight loss"
    },
    {
      "code": "016",
      "description": "Increased mortality\/sudden death\/unexplained death"
    },
    {
      "code": "017",
      "description": "Infertility"
    },
    {
      "code": "018",
      "description": "Jaundice"
    },
    {
      "code": "019",
      "description": "Lameness"
    },
    {
      "code": "020",
      "description": "Lymphadenopathy"
    },
    {
      "code": "021",
      "description": "Nasal discharge"
    },
    {
      "code": "022",
      "description": "Nervous signs"
    },
    {
      "code": "023",
      "description": "Oral lesions or salivation"
    },
    {
      "code": "024",
      "description": "Production drop\/mastitis"
    },
    {
      "code": "025",
      "description": "Pruritis"
    },
    {
      "code": "026",
      "description": "Respiratory signs"
    },
    {
      "code": "027",
      "description": "Skin lesions"
    },
    {
      "code": "028",
      "description": "Weakness\/depression\/anorexia\/malaise"
    }
  ]
}